-- phpMyAdmin SQL Dump
-- version 5.2.0
-- https://www.phpmyadmin.net/
--
-- Servidor: 127.0.0.1
-- Tiempo de generación: 18-10-2022 a las 15:38:32
-- Versión del servidor: 10.4.24-MariaDB
-- Versión de PHP: 8.1.6

SET SQL_MODE = "NO_AUTO_VALUE_ON_ZERO";
START TRANSACTION;
SET time_zone = "+00:00";


/*!40101 SET @OLD_CHARACTER_SET_CLIENT=@@CHARACTER_SET_CLIENT */;
/*!40101 SET @OLD_CHARACTER_SET_RESULTS=@@CHARACTER_SET_RESULTS */;
/*!40101 SET @OLD_COLLATION_CONNECTION=@@COLLATION_CONNECTION */;
/*!40101 SET NAMES utf8mb4 */;

--
-- Base de datos: `universidad`
--

-- --------------------------------------------------------

--
-- Estructura de tabla para la tabla `alumno`
--

CREATE TABLE `alumno` (
  `idAlumno` int(11) NOT NULL,
  `dni` int(11) NOT NULL,
  `apellido` varchar(100) NOT NULL,
  `nombre` varchar(100) NOT NULL,
  `fechaNacimiento` date NOT NULL,
  `estado` tinyint(1) NOT NULL
) ENGINE=InnoDB DEFAULT CHARSET=utf8mb4;

--
-- Volcado de datos para la tabla `alumno`
--

INSERT INTO `alumno` (`idAlumno`, `dni`, `apellido`, `nombre`, `fechaNacimiento`, `estado`) VALUES
(1, 111, 'Muñoz', 'Federico', '2001-05-31', 0),
(2, 222, 'Carrera', 'Andres', '2003-09-23', 1),
(3, 333, 'Rodriguez', 'juan', '2000-06-05', 1);

-- --------------------------------------------------------

--
-- Estructura de tabla para la tabla `inscripcion`
--

CREATE TABLE `inscripcion` (
  `idInscripto` int(11) NOT NULL,
  `nota` int(11) NOT NULL,
  `idAlumno` int(11) NOT NULL,
  `idMateria` int(11) NOT NULL
) ENGINE=InnoDB DEFAULT CHARSET=utf8mb4;

--
-- Volcado de datos para la tabla `inscripcion`
--

INSERT INTO `inscripcion` (`idInscripto`, `nota`, `idAlumno`, `idMateria`) VALUES
(1, 0, 1, 1),
(2, 0, 1, 4),
(3, 8, 2, 2),
(4, 8, 2, 3),
(5, 0, 3, 4),
(6, 0, 3, 5);

-- --------------------------------------------------------

--
-- Estructura de tabla para la tabla `materia`
--

CREATE TABLE `materia` (
  `idMateria` int(11) NOT NULL,
  `nombre` varchar(100) NOT NULL,
  `año` int(11) NOT NULL,
  `estado` tinyint(1) NOT NULL
) ENGINE=InnoDB DEFAULT CHARSET=utf8mb4;

--
-- Volcado de datos para la tabla `materia`
--

INSERT INTO `materia` (`idMateria`, `nombre`, `año`, `estado`) VALUES
(1, 'Lengua 1', 1, 1),
(2, 'Matematica 1', 1, 1),
(3, 'Lengua 2', 2, 1),
(4, 'Matematica 2', 2, 1),
(5, 'Carpinteria 3', 3, 1);

--
-- Índices para tablas volcadas
--

--
-- Indices de la tabla `alumno`
--
ALTER TABLE `alumno`
  ADD PRIMARY KEY (`idAlumno`),
  ADD UNIQUE KEY `dni` (`dni`);

--
-- Indices de la tabla `inscripcion`
--
ALTER TABLE `inscripcion`
  ADD PRIMARY KEY (`idInscripto`),
  ADD UNIQUE KEY `idAlumno` (`idAlumno`,`idMateria`),
  ADD KEY `idMateria` (`idMateria`);

--
-- Indices de la tabla `materia`
--
ALTER TABLE `materia`
  ADD PRIMARY KEY (`idMateria`),
  ADD UNIQUE KEY `nombre` (`nombre`);

--
-- AUTO_INCREMENT de las tablas volcadas
--

--
-- AUTO_INCREMENT de la tabla `alumno`
--
ALTER TABLE `alumno`
  MODIFY `idAlumno` int(11) NOT NULL AUTO_INCREMENT, AUTO_INCREMENT=5;

--
-- AUTO_INCREMENT de la tabla `inscripcion`
--
ALTER TABLE `inscripcion`
  MODIFY `idInscripto` int(11) NOT NULL AUTO_INCREMENT, AUTO_INCREMENT=8;

--
-- AUTO_INCREMENT de la tabla `materia`
--
ALTER TABLE `materia`
  MODIFY `idMateria` int(11) NOT NULL AUTO_INCREMENT, AUTO_INCREMENT=6;

--
-- Restricciones para tablas volcadas
--

--
-- Filtros para la tabla `inscripcion`
--
ALTER TABLE `inscripcion`
  ADD CONSTRAINT `inscripcion_ibfk_1` FOREIGN KEY (`idAlumno`) REFERENCES `alumno` (`idAlumno`),
  ADD CONSTRAINT `inscripcion_ibfk_2` FOREIGN KEY (`idMateria`) REFERENCES `materia` (`idMateria`);
COMMIT;

/*!40101 SET CHARACTER_SET_CLIENT=@OLD_CHARACTER_SET_CLIENT */;
/*!40101 SET CHARACTER_SET_RESULTS=@OLD_CHARACTER_SET_RESULTS */;
/*!40101 SET COLLATION_CONNECTION=@OLD_COLLATION_CONNECTION */;
